-75.006,-75.006,-75.006,-75.006,-75.006,-75.006,-75.006,-74.992,-74.284,-74.992,-75.006,-75.006,-75.006,-75.006,-75.006,-75.006,-75.006
-75.012,-75.012,-75.012,-75.012,-75.012,-75.012,-75.011,-74.972,-73.599,-74.972,-75.011,-75.012,-75.012,-75.012,-75.012,-75.012,-75.012
-75.018,-75.018,-75.018,-75.018,-75.018,-75.018,-75.015,-74.941,-72.943,-74.941,-75.015,-75.018,-75.018,-75.018,-75.018,-75.018,-75.018
-75.023,-75.023,-75.023,-75.023,-75.023,-75.023,-75.019,-74.898,-72.314,-74.898,-75.019,-75.023,-75.023,-75.023,-75.023,-75.023,-75.023
-75.029,-75.029,-75.029,-75.029,-75.029,-75.029,-75.021,-74.847,-71.711,-74.847,-75.021,-75.029,-75.029,-75.029,-75.029,-75.029,-75.029
-75.034,-75.034,-75.034,-75.034,-75.034,-75.034,-75.022,-74.786,-71.132,-74.786,-75.022,-75.034,-75.034,-75.034,-75.034,-75.034,-75.034
-75.04,-75.04,-75.04,-75.04,-75.039,-75.039,-75.022,-74.718,-70.576,-74.718,-75.022,-75.039,-75.039,-75.04,-75.04,-75.04,-75.04
-75.045,-75.045,-75.045,-75.045,-75.045,-75.043,-75.02,-74.643,-70.041,-74.643,-75.02,-75.043,-75.045,-75.045,-75.045,-75.045,-75.045
-75.05,-75.05,-75.05,-75.05,-75.05,-75.048,-75.017,-74.561,-69.527,-74.561,-75.017,-75.048,-75.05,-75.05,-75.05,-75.05,-75.05
-75.055,-75.055,-75.055,-75.055,-75.055,-75.052,-75.013,-74.473,-69.031,-74.473,-75.013,-75.052,-75.055,-75.055,-75.055,-75.055,-75.055
-75.06,-75.06,-75.06,-75.06,-75.06,-75.056,-75.006,-74.38,-68.553,-74.38,-75.006,-75.056,-75.06,-75.06,-75.06,-75.06,-75.06
-75.065,-75.065,-75.065,-75.065,-75.064,-75.06,-74.999,-74.282,-68.091,-74.282,-74.999,-75.06,-75.064,-75.065,-75.065,-75.065,-75.065
-75.069,-75.069,-75.069,-75.069,-75.069,-75.064,-74.99,-74.18,-67.645,-74.18,-74.99,-75.064,-75.069,-75.069,-75.069,-75.069,-75.069
-75.074,-75.074,-75.074,-75.074,-75.074,-75.067,-74.979,-74.073,-67.213,-74.073,-74.979,-75.067,-75.074,-75.074,-75.074,-75.074,-75.074
-75.079,-75.079,-75.079,-75.079,-75.078,-75.069,-74.966,-73.964,-66.796,-73.964,-74.966,-75.069,-75.078,-75.079,-75.079,-75.079,-75.079
-75.083,-75.083,-75.083,-75.083,-75.082,-75.072,-74.952,-73.851,-66.391,-73.851,-74.952,-75.072,-75.082,-75.083,-75.083,-75.083,-75.083
-75.088,-75.088,-75.088,-75.088,-75.087,-75.074,-74.937,-73.735,-65.998,-73.735,-74.937,-75.074,-75.087,-75.088,-75.088,-75.088,-75.088
-75.092,-75.092,-75.092,-75.092,-75.091,-75.076,-74.92,-73.616,-65.616,-73.616,-74.92,-75.076,-75.091,-75.092,-75.092,-75.092,-75.092
-75.096,-75.096,-75.096,-75.096,-75.095,-75.077,-74.901,-73.496,-65.245,-73.496,-74.901,-75.077,-75.095,-75.096,-75.096,-75.096,-75.096
-75.101,-75.101,-75.101,-75.1,-75.099,-75.078,-74.881,-73.373,-64.884,-73.373,-74.881,-75.078,-75.099,-75.1,-75.101,-75.101,-75.101
-75.105,-75.105,-75.105,-75.104,-75.102,-75.078,-74.859,-73.248,-64.531,-73.248,-74.859,-75.078,-75.102,-75.104,-75.105,-75.105,-75.105
-75.109,-75.109,-75.109,-75.109,-75.106,-75.078,-74.836,-73.122,-64.187,-73.122,-74.836,-75.078,-75.106,-75.109,-75.109,-75.109,-75.109
-75.113,-75.113,-75.113,-75.113,-75.109,-75.078,-74.811,-72.995,-63.851,-72.995,-74.811,-75.078,-75.109,-75.113,-75.113,-75.113,-75.113
-75.117,-75.117,-75.117,-75.116,-75.113,-75.077,-74.785,-72.866,-63.522,-72.866,-74.785,-75.077,-75.113,-75.116,-75.117,-75.117,-75.117
-75.121,-75.121,-75.121,-75.12,-75.116,-75.076,-74.758,-72.736,-63.199,-72.736,-74.758,-75.076,-75.116,-75.12,-75.121,-75.121,-75.121
-75.125,-75.125,-75.125,-75.124,-75.119,-75.074,-74.729,-72.605,-62.882,-72.605,-74.729,-75.074,-75.119,-75.124,-75.125,-75.125,-75.125
-75.129,-75.129,-75.128,-75.128,-75.122,-75.072,-74.699,-72.472,-62.571,-72.472,-74.699,-75.072,-75.122,-75.128,-75.128,-75.129,-75.129
-75.132,-75.132,-75.132,-75.132,-75.125,-75.069,-74.668,-72.34,-62.264,-72.34,-74.668,-75.069,-75.125,-75.132,-75.132,-75.132,-75.132
-75.136,-75.136,-75.136,-75.135,-75.128,-75.066,-74.635,-72.206,-61.962,-72.206,-74.635,-75.066,-75.128,-75.135,-75.136,-75.136,-75.136
-75.14,-75.14,-75.14,-75.139,-75.13,-75.063,-74.601,-72.072,-61.663,-72.072,-74.601,-75.063,-75.13,-75.139,-75.14,-75.14,-75.14
-75.143,-75.143,-75.143,-75.142,-75.133,-75.059,-74.566,-71.937,-61.368,-71.937,-74.566,-75.059,-75.133,-75.142,-75.143,-75.143,-75.143
-75.147,-75.147,-75.147,-75.146,-75.135,-75.054,-74.53,-71.801,-61.075,-71.801,-74.53,-75.054,-75.135,-75.146,-75.147,-75.147,-75.147
-75.151,-75.151,-75.15,-75.149,-75.137,-75.049,-74.493,-71.665,-60.784,-71.665,-74.493,-75.049,-75.137,-75.149,-75.15,-75.151,-75.151
-75.154,-75.154,-75.154,-75.152,-75.139,-75.044,-74.454,-71.528,-60.495,-71.528,-74.454,-75.044,-75.139,-75.152,-75.154,-75.154,-75.154
-75.158,-75.158,-75.157,-75.156,-75.141,-75.038,-74.415,-71.391,-60.207,-71.391,-74.415,-75.038,-75.141,-75.156,-75.157,-75.158,-75.158
-75.161,-75.161,-75.161,-75.159,-75.143,-75.031,-74.374,-71.253,-59.919,-71.253,-74.374,-75.031,-75.143,-75.159,-75.161,-75.161,-75.161
-75.164,-75.164,-75.164,-75.162,-75.144,-75.024,-74.333,-71.115,-59.632,-71.115,-74.333,-75.024,-75.144,-75.162,-75.164,-75.164,-75.164
-75.168,-75.168,-75.167,-75.165,-75.146,-75.017,-74.29,-70.976,-59.344,-70.976,-74.29,-75.017,-75.146,-75.165,-75.167,-75.168,-75.168
-75.171,-75.171,-75.171,-75.168,-75.147,-75.009,-74.247,-70.836,-59.055,-70.836,-74.247,-75.009,-75.147,-75.168,-75.171,-75.171,-75.171
-75.174,-75.174,-75.174,-75.171,-75.148,-75,-74.202,-70.696,-58.765,-70.696,-74.202,-75,-75.148,-75.171,-75.174,-75.174,-75.174
-75.178,-75.178,-75.177,-75.174,-75.149,-74.991,-74.157,-70.554,-58.473,-70.554,-74.157,-74.991,-75.149,-75.174,-75.177,-75.178,-75.178
-75.181,-75.181,-75.18,-75.176,-75.149,-74.982,-74.11,-70.413,-58.178,-70.413,-74.11,-74.982,-75.149,-75.176,-75.18,-75.181,-75.181
-75.184,-75.184,-75.183,-75.179,-75.15,-74.972,-74.063,-70.27,-57.881,-70.27,-74.063,-74.972,-75.15,-75.179,-75.183,-75.184,-75.184
-75.187,-75.187,-75.187,-75.182,-75.15,-74.961,-74.014,-70.126,-57.579,-70.126,-74.014,-74.961,-75.15,-75.182,-75.187,-75.187,-75.187
-75.19,-75.19,-75.19,-75.184,-75.15,-74.95,-73.965,-69.981,-57.274,-69.981,-73.965,-74.95,-75.15,-75.184,-75.19,-75.19,-75.19
-75.193,-75.193,-75.193,-75.187,-75.15,-74.939,-73.915,-69.836,-56.963,-69.836,-73.915,-74.939,-75.15,-75.187,-75.193,-75.193,-75.193
-75.196,-75.196,-75.196,-75.189,-75.15,-74.927,-73.864,-69.689,-56.648,-69.689,-73.864,-74.927,-75.15,-75.189,-75.196,-75.196,-75.196
-75.199,-75.199,-75.198,-75.192,-75.149,-74.914,-73.812,-69.54,-56.326,-69.54,-73.812,-74.914,-75.149,-75.192,-75.198,-75.199,-75.199
-75.202,-75.202,-75.201,-75.194,-75.149,-74.902,-73.759,-69.39,-55.998,-69.39,-73.759,-74.902,-75.149,-75.194,-75.201,-75.202,-75.202
-75.205,-75.205,-75.204,-75.196,-75.148,-74.888,-73.706,-69.239,-55.662,-69.239,-73.706,-74.888,-75.148,-75.196,-75.204,-75.205,-75.205
-75.208,-75.208,-75.207,-75.199,-75.147,-74.874,-73.651,-69.1,-56.041,-69.1,-73.651,-74.874,-75.147,-75.199,-75.207,-75.208,-75.208
-75.211,-75.211,-75.21,-75.201,-75.146,-74.86,-73.597,-68.971,-56.377,-68.971,-73.597,-74.86,-75.146,-75.201,-75.21,-75.211,-75.211
-75.214,-75.214,-75.213,-75.203,-75.144,-74.845,-73.542,-68.851,-56.673,-68.851,-73.542,-74.845,-75.144,-75.203,-75.213,-75.214,-75.214
-75.217,-75.217,-75.215,-75.205,-75.143,-74.83,-73.486,-68.74,-56.932,-68.74,-73.486,-74.83,-75.143,-75.205,-75.215,-75.217,-75.217
-75.22,-75.22,-75.218,-75.206,-75.141,-74.814,-73.431,-68.635,-57.157,-68.635,-73.431,-74.814,-75.141,-75.206,-75.218,-75.22,-75.22
-75.223,-75.223,-75.221,-75.208,-75.139,-74.798,-73.376,-68.537,-57.349,-68.537,-73.376,-74.798,-75.139,-75.208,-75.221,-75.223,-75.223
-75.225,-75.225,-75.223,-75.21,-75.136,-74.782,-73.322,-68.444,-57.511,-68.444,-73.322,-74.782,-75.136,-75.21,-75.223,-75.225,-75.225
-75.228,-75.228,-75.226,-75.212,-75.134,-74.765,-73.267,-68.355,-57.645,-68.355,-73.267,-74.765,-75.134,-75.212,-75.226,-75.228,-75.228
-75.231,-75.231,-75.228,-75.213,-75.131,-74.747,-73.213,-68.27,-57.753,-68.27,-73.213,-74.747,-75.131,-75.213,-75.228,-75.231,-75.231
-75.233,-75.233,-75.231,-75.215,-75.129,-74.73,-73.159,-68.188,-57.836,-68.188,-73.159,-74.73,-75.129,-75.215,-75.231,-75.233,-75.233
-75.236,-75.236,-75.233,-75.216,-75.126,-74.712,-73.105,-68.109,-57.898,-68.109,-73.105,-74.712,-75.126,-75.216,-75.233,-75.236,-75.236
-75.239,-75.239,-75.236,-75.217,-75.122,-74.694,-73.052,-68.032,-57.938,-68.032,-73.052,-74.694,-75.122,-75.217,-75.236,-75.239,-75.239
-75.241,-75.241,-75.238,-75.219,-75.119,-74.675,-73,-67.956,-57.958,-67.956,-73,-74.675,-75.119,-75.219,-75.238,-75.241,-75.241
-75.244,-75.244,-75.24,-75.22,-75.115,-74.656,-72.947,-67.881,-57.96,-67.881,-72.947,-74.656,-75.115,-75.22,-75.24,-75.244,-75.244
-75.247,-75.247,-75.243,-75.221,-75.112,-74.637,-72.895,-67.807,-57.945,-67.807,-72.895,-74.637,-75.112,-75.221,-75.243,-75.247,-75.247
-75.249,-75.249,-75.245,-75.222,-75.108,-74.618,-72.844,-67.733,-57.913,-67.733,-72.844,-74.618,-75.108,-75.222,-75.245,-75.249,-75.249
-75.252,-75.252,-75.247,-75.223,-75.103,-74.598,-72.792,-67.66,-57.866,-67.66,-72.792,-74.598,-75.103,-75.223,-75.247,-75.252,-75.252
-75.254,-75.254,-75.249,-75.223,-75.099,-74.578,-72.741,-67.586,-57.805,-67.586,-72.741,-74.578,-75.099,-75.223,-75.249,-75.254,-75.254
-75.257,-75.257,-75.252,-75.224,-75.094,-74.558,-72.69,-67.511,-57.729,-67.511,-72.69,-74.558,-75.094,-75.224,-75.252,-75.257,-75.257
-75.259,-75.259,-75.254,-75.225,-75.09,-74.538,-72.64,-67.436,-57.64,-67.436,-72.64,-74.538,-75.09,-75.225,-75.254,-75.259,-75.259
-75.261,-75.261,-75.256,-75.225,-75.085,-74.518,-72.589,-67.359,-57.538,-67.359,-72.589,-74.518,-75.085,-75.225,-75.256,-75.261,-75.261
-75.264,-75.264,-75.258,-75.226,-75.08,-74.497,-72.539,-67.282,-57.424,-67.282,-72.539,-74.497,-75.08,-75.226,-75.258,-75.264,-75.264
-75.266,-75.266,-75.26,-75.226,-75.074,-74.476,-72.489,-67.203,-57.298,-67.203,-72.489,-74.476,-75.074,-75.226,-75.26,-75.266,-75.266
-75.268,-75.268,-75.262,-75.227,-75.069,-74.455,-72.439,-67.122,-57.16,-67.122,-72.439,-74.455,-75.069,-75.227,-75.262,-75.268,-75.268
-75.271,-75.271,-75.264,-75.227,-75.063,-74.434,-72.389,-67.04,-57.011,-67.04,-72.389,-74.434,-75.063,-75.227,-75.264,-75.271,-75.271
-75.273,-75.273,-75.265,-75.227,-75.058,-74.413,-72.339,-66.956,-56.85,-66.956,-72.339,-74.413,-75.058,-75.227,-75.265,-75.273,-75.273
-75.275,-75.275,-75.267,-75.227,-75.052,-74.391,-72.289,-66.869,-56.678,-66.869,-72.289,-74.391,-75.052,-75.227,-75.267,-75.275,-75.275
-75.278,-75.278,-75.269,-75.227,-75.046,-74.37,-72.238,-66.781,-56.495,-66.781,-72.238,-74.37,-75.046,-75.227,-75.269,-75.278,-75.278
-75.28,-75.28,-75.271,-75.227,-75.039,-74.348,-72.188,-66.69,-56.3,-66.69,-72.188,-74.348,-75.039,-75.227,-75.271,-75.28,-75.28
-75.282,-75.282,-75.272,-75.226,-75.033,-74.326,-72.137,-66.596,-56.094,-66.596,-72.137,-74.326,-75.033,-75.226,-75.272,-75.282,-75.282
-75.284,-75.284,-75.274,-75.226,-75.026,-74.303,-72.086,-66.5,-55.877,-66.5,-72.086,-74.303,-75.026,-75.226,-75.274,-75.284,-75.284
-75.286,-75.286,-75.276,-75.226,-75.02,-74.281,-72.035,-66.401,-55.648,-66.401,-72.035,-74.281,-75.02,-75.226,-75.276,-75.286,-75.286
-75.288,-75.288,-75.277,-75.225,-75.013,-74.259,-71.984,-66.299,-55.407,-66.299,-71.984,-74.259,-75.013,-75.225,-75.277,-75.288,-75.288
-75.29,-75.29,-75.279,-75.225,-75.006,-74.236,-71.932,-66.194,-55.153,-66.194,-71.932,-74.236,-75.006,-75.225,-75.279,-75.29,-75.29
-75.292,-75.292,-75.28,-75.224,-74.998,-74.213,-71.879,-66.085,-54.888,-66.085,-71.879,-74.213,-74.998,-75.224,-75.28,-75.292,-75.292
-75.294,-75.294,-75.282,-75.223,-74.991,-74.19,-71.826,-65.973,-54.608,-65.973,-71.826,-74.19,-74.991,-75.223,-75.282,-75.294,-75.294
-75.296,-75.296,-75.283,-75.222,-74.983,-74.166,-71.773,-65.858,-54.316,-65.858,-71.773,-74.166,-74.983,-75.222,-75.283,-75.296,-75.296
-75.298,-75.298,-75.284,-75.221,-74.976,-74.143,-71.718,-65.738,-54.009,-65.738,-71.718,-74.143,-74.976,-75.221,-75.284,-75.298,-75.298
-75.3,-75.3,-75.286,-75.22,-74.968,-74.119,-71.664,-65.615,-53.688,-65.615,-71.664,-74.119,-74.968,-75.22,-75.286,-75.3,-75.3
-75.302,-75.302,-75.287,-75.219,-74.96,-74.095,-71.608,-65.487,-53.352,-65.487,-71.608,-74.095,-74.96,-75.219,-75.287,-75.302,-75.302
-75.304,-75.304,-75.288,-75.218,-74.952,-74.071,-71.552,-65.355,-52.999,-65.355,-71.552,-74.071,-74.952,-75.218,-75.288,-75.304,-75.304
-75.306,-75.306,-75.289,-75.217,-74.944,-74.046,-71.494,-65.219,-52.63,-65.219,-71.494,-74.046,-74.944,-75.217,-75.289,-75.306,-75.306
-75.308,-75.308,-75.29,-75.215,-74.935,-74.022,-71.436,-65.078,-52.243,-65.078,-71.436,-74.022,-74.935,-75.215,-75.29,-75.308,-75.308
-75.31,-75.31,-75.292,-75.214,-74.927,-73.997,-71.377,-64.931,-51.838,-64.931,-71.377,-73.997,-74.927,-75.214,-75.292,-75.31,-75.31
-75.311,-75.311,-75.293,-75.212,-74.918,-73.971,-71.317,-64.779,-51.413,-64.779,-71.317,-73.971,-74.918,-75.212,-75.293,-75.311,-75.311
-75.313,-75.313,-75.294,-75.211,-74.909,-73.946,-71.255,-64.622,-50.967,-64.622,-71.255,-73.946,-74.909,-75.211,-75.294,-75.313,-75.313
-75.315,-75.315,-75.294,-75.209,-74.9,-73.92,-71.193,-64.459,-50.5,-64.459,-71.193,-73.92,-74.9,-75.209,-75.294,-75.315,-75.315
-75.316,-75.316,-75.295,-75.207,-74.891,-73.894,-71.129,-64.289,-50.01,-64.289,-71.129,-73.894,-74.891,-75.207,-75.295,-75.316,-75.316
-75.318,-75.318,-75.296,-75.205,-74.882,-73.867,-71.064,-64.113,-49.495,-64.113,-71.064,-73.867,-74.882,-75.205,-75.296,-75.318,-75.318
-75.32,-75.32,-75.297,-75.203,-74.872,-73.841,-70.997,-63.93,-48.954,-63.93,-70.997,-73.841,-74.872,-75.203,-75.297,-75.32,-75.32
-75.321,-75.321,-75.298,-75.201,-74.862,-73.813,-70.929,-63.74,-48.386,-63.74,-70.929,-73.813,-74.862,-75.201,-75.298,-75.321,-75.321
-75.323,-75.323,-75.298,-75.199,-74.853,-73.786,-70.859,-63.542,-47.789,-63.542,-70.859,-73.786,-74.853,-75.199,-75.298,-75.323,-75.323
-75.324,-75.324,-75.299,-75.197,-74.843,-73.758,-70.787,-63.336,-47.161,-63.336,-70.787,-73.758,-74.843,-75.197,-75.299,-75.324,-75.324
-75.326,-75.326,-75.3,-75.194,-74.832,-73.729,-70.714,-63.121,-46.5,-63.121,-70.714,-73.729,-74.832,-75.194,-75.3,-75.326,-75.326
-75.327,-75.327,-75.3,-75.192,-74.822,-73.7,-70.639,-62.897,-45.804,-62.897,-70.639,-73.7,-74.822,-75.192,-75.3,-75.327,-75.327
-75.329,-75.329,-75.301,-75.189,-74.812,-73.671,-70.561,-62.663,-45.071,-62.663,-70.561,-73.671,-74.812,-75.189,-75.301,-75.329,-75.329
-75.33,-75.33,-75.301,-75.187,-74.801,-73.641,-70.482,-62.419,-44.298,-62.419,-70.482,-73.641,-74.801,-75.187,-75.301,-75.33,-75.33
-75.332,-75.332,-75.302,-75.184,-74.79,-73.611,-70.4,-62.164,-43.484,-62.164,-70.4,-73.611,-74.79,-75.184,-75.302,-75.332,-75.332
-75.333,-75.333,-75.302,-75.181,-74.779,-73.58,-70.315,-61.898,-42.625,-61.898,-70.315,-73.58,-74.779,-75.181,-75.302,-75.333,-75.333
-75.334,-75.334,-75.302,-75.178,-74.768,-73.548,-70.228,-61.619,-41.718,-61.619,-70.228,-73.548,-74.768,-75.178,-75.302,-75.334,-75.334
-75.335,-75.335,-75.302,-75.175,-74.756,-73.516,-70.138,-61.327,-40.761,-61.327,-70.138,-73.516,-74.756,-75.175,-75.302,-75.335,-75.335
-75.337,-75.337,-75.303,-75.172,-74.745,-73.483,-70.046,-61.021,-39.751,-61.021,-70.046,-73.483,-74.745,-75.172,-75.303,-75.337,-75.337
-75.338,-75.338,-75.303,-75.169,-74.733,-73.45,-69.95,-60.7,-38.684,-60.7,-69.95,-73.45,-74.733,-75.169,-75.303,-75.338,-75.338
-75.339,-75.339,-75.303,-75.166,-74.721,-73.415,-69.85,-60.363,-37.557,-60.363,-69.85,-73.415,-74.721,-75.166,-75.303,-75.339,-75.339
-75.34,-75.34,-75.303,-75.162,-74.708,-73.38,-69.748,-60.01,-36.367,-60.01,-69.748,-73.38,-74.708,-75.162,-75.303,-75.34,-75.34
-75.341,-75.341,-75.303,-75.159,-74.696,-73.344,-69.641,-59.638,-35.11,-59.638,-69.641,-73.344,-74.696,-75.159,-75.303,-75.341,-75.341
-75.343,-75.343,-75.303,-75.155,-74.683,-73.308,-69.531,-59.248,-33.784,-59.248,-69.531,-73.308,-74.683,-75.155,-75.303,-75.343,-75.343
-75.344,-75.344,-75.303,-75.152,-74.67,-73.27,-69.416,-58.837,-32.384,-58.837,-69.416,-73.27,-74.67,-75.152,-75.303,-75.344,-75.344
-75.345,-75.345,-75.303,-75.148,-74.657,-73.232,-69.297,-58.405,-30.908,-58.405,-69.297,-73.232,-74.657,-75.148,-75.303,-75.345,-75.345
-75.346,-75.346,-75.302,-75.144,-74.643,-73.192,-69.173,-57.949,-29.353,-57.949,-69.173,-73.192,-74.643,-75.144,-75.302,-75.346,-75.346
-75.347,-75.347,-75.302,-75.14,-74.63,-73.151,-69.044,-57.47,-27.716,-57.47,-69.044,-73.151,-74.63,-75.14,-75.302,-75.347,-75.347
-75.347,-75.347,-75.302,-75.136,-74.615,-73.11,-68.909,-56.964,-25.997,-56.964,-68.909,-73.11,-74.615,-75.136,-75.302,-75.347,-75.347
-75.348,-75.348,-75.301,-75.132,-74.601,-73.067,-68.769,-56.432,-24.193,-56.432,-68.769,-73.067,-74.601,-75.132,-75.301,-75.348,-75.348
-75.349,-75.349,-75.301,-75.127,-74.586,-73.022,-68.623,-55.87,-22.305,-55.87,-68.623,-73.022,-74.586,-75.127,-75.301,-75.349,-75.349
-75.35,-75.35,-75.3,-75.123,-74.571,-72.977,-68.47,-55.278,-20.334,-55.278,-68.47,-72.977,-74.571,-75.123,-75.3,-75.35,-75.35
-75.351,-75.351,-75.3,-75.118,-74.556,-72.93,-68.31,-54.654,-18.283,-54.654,-68.31,-72.93,-74.556,-75.118,-75.3,-75.351,-75.351
-75.351,-75.351,-75.299,-75.113,-74.54,-72.881,-68.143,-53.996,-16.156,-53.996,-68.143,-72.881,-74.54,-75.113,-75.299,-75.351,-75.351
-75.352,-75.352,-75.299,-75.109,-74.524,-72.831,-67.969,-53.303,-13.961,-53.303,-67.969,-72.831,-74.524,-75.109,-75.299,-75.352,-75.352
-75.353,-75.353,-75.298,-75.104,-74.507,-72.779,-67.786,-52.573,-11.705,-52.573,-67.786,-72.779,-74.507,-75.104,-75.298,-75.353,-75.353
-75.354,-75.354,-75.297,-75.099,-74.49,-72.725,-67.595,-51.804,-9.3998,-51.804,-67.595,-72.725,-74.49,-75.099,-75.297,-75.354,-75.354
-75.354,-75.354,-75.296,-75.093,-74.473,-72.67,-67.394,-50.996,-7.0591,-50.996,-67.394,-72.67,-74.473,-75.093,-75.296,-75.354,-75.354
-75.355,-75.355,-75.295,-75.088,-74.455,-72.612,-67.184,-50.148,-4.6986,-50.148,-67.184,-72.612,-74.455,-75.088,-75.295,-75.355,-75.355
-75.355,-75.355,-75.295,-75.083,-74.436,-72.552,-66.964,-49.257,-2.3361,-49.257,-66.964,-72.552,-74.436,-75.083,-75.295,-75.355,-75.355
-75.356,-75.356,-75.293,-75.077,-74.417,-72.49,-66.733,-48.323,0.008929,-48.323,-66.733,-72.49,-74.417,-75.077,-75.293,-75.356,-75.356
-75.356,-75.356,-75.292,-75.071,-74.398,-72.426,-66.492,-47.345,2.316,-47.345,-66.492,-72.426,-74.398,-75.071,-75.292,-75.356,-75.356
-75.357,-75.357,-75.291,-75.065,-74.378,-72.359,-66.239,-46.322,4.5646,-46.322,-66.239,-72.359,-74.378,-75.065,-75.291,-75.357,-75.357
-75.357,-75.357,-75.29,-75.059,-74.357,-72.29,-65.973,-45.254,6.7347,-45.254,-65.973,-72.29,-74.357,-75.059,-75.29,-75.357,-75.357
-75.357,-75.357,-75.289,-75.053,-74.336,-72.217,-65.695,-44.139,8.8082,-44.139,-65.695,-72.217,-74.336,-75.053,-75.289,-75.357,-75.357
-75.358,-75.358,-75.287,-75.046,-74.314,-72.142,-65.404,-42.976,10.769,-42.976,-65.404,-72.142,-74.314,-75.046,-75.287,-75.358,-75.358
-75.358,-75.358,-75.286,-75.04,-74.292,-72.064,-65.099,-41.764,12.605,-41.764,-65.099,-72.064,-74.292,-75.04,-75.286,-75.358,-75.358
-75.358,-75.358,-75.284,-75.033,-74.268,-71.982,-64.78,-40.501,14.307,-40.501,-64.78,-71.982,-74.268,-75.033,-75.284,-75.358,-75.358
-75.358,-75.358,-75.283,-75.026,-74.244,-71.897,-64.446,-39.187,15.869,-39.187,-64.446,-71.897,-74.244,-75.026,-75.283,-75.358,-75.358
-75.358,-75.358,-75.281,-75.018,-74.22,-71.809,-64.096,-37.817,17.292,-37.817,-64.096,-71.809,-74.22,-75.018,-75.281,-75.358,-75.358
-75.358,-75.358,-75.28,-75.011,-74.194,-71.716,-63.73,-36.39,18.577,-36.39,-63.73,-71.716,-74.194,-75.011,-75.28,-75.358,-75.358
-75.358,-75.358,-75.278,-75.003,-74.167,-71.62,-63.347,-34.902,19.73,-34.902,-63.347,-71.62,-74.167,-75.003,-75.278,-75.358,-75.358
-75.358,-75.358,-75.276,-74.995,-74.14,-71.52,-62.946,-33.35,20.759,-33.35,-62.946,-71.52,-74.14,-74.995,-75.276,-75.358,-75.358
-75.358,-75.358,-75.274,-74.987,-74.111,-71.415,-62.526,-31.729,21.673,-31.729,-62.526,-71.415,-74.111,-74.987,-75.274,-75.358,-75.358
-75.358,-75.358,-75.272,-74.979,-74.082,-71.306,-62.087,-30.034,22.484,-30.034,-62.087,-71.306,-74.082,-74.979,-75.272,-75.358,-75.358
-75.358,-75.358,-75.27,-74.97,-74.051,-71.192,-61.627,-28.262,23.202,-28.262,-61.627,-71.192,-74.051,-74.97,-75.27,-75.358,-75.358
-75.358,-75.358,-75.268,-74.961,-74.019,-71.072,-61.145,-26.407,23.838,-26.407,-61.145,-71.072,-74.019,-74.961,-75.268,-75.358,-75.358
-75.358,-75.358,-75.265,-74.952,-73.986,-70.948,-60.639,-24.466,24.403,-24.466,-60.639,-70.948,-73.986,-74.952,-75.265,-75.358,-75.358
-75.358,-75.358,-75.263,-74.942,-73.952,-70.818,-60.109,-22.434,24.907,-22.434,-60.109,-70.818,-73.952,-74.942,-75.263,-75.358,-75.358
-75.357,-75.357,-75.26,-74.932,-73.917,-70.682,-59.554,-20.308,25.359,-20.308,-59.554,-70.682,-73.917,-74.932,-75.26,-75.357,-75.357
-75.357,-75.357,-75.258,-74.922,-73.88,-70.541,-58.971,-18.088,25.766,-18.088,-58.971,-70.541,-73.88,-74.922,-75.258,-75.357,-75.357
-75.356,-75.356,-75.255,-74.911,-73.841,-70.392,-58.359,-15.773,26.136,-15.773,-58.359,-70.392,-73.841,-74.911,-75.255,-75.356,-75.356
-75.356,-75.356,-75.252,-74.9,-73.802,-70.237,-57.717,-13.367,26.474,-13.367,-57.717,-70.237,-73.802,-74.9,-75.252,-75.356,-75.356
-75.355,-75.355,-75.249,-74.889,-73.76,-70.075,-57.043,-10.876,26.785,-10.876,-57.043,-70.075,-73.76,-74.889,-75.249,-75.355,-75.355
-75.355,-75.355,-75.246,-74.877,-73.717,-69.905,-56.337,-8.308,27.074,-8.308,-56.337,-69.905,-73.717,-74.877,-75.246,-75.355,-75.355
-75.354,-75.354,-75.243,-74.865,-73.672,-69.727,-55.597,-5.6773,27.342,-5.6773,-55.597,-69.727,-73.672,-74.865,-75.243,-75.354,-75.354
-75.354,-75.354,-75.24,-74.853,-73.625,-69.541,-54.823,-3.0009,27.593,-3.0009,-54.823,-69.541,-73.625,-74.853,-75.24,-75.354,-75.354
-75.353,-75.353,-75.237,-74.84,-73.576,-69.346,-54.013,-0.3,27.828,-0.3,-54.013,-69.346,-73.576,-74.84,-75.237,-75.353,-75.353
-75.352,-75.352,-75.233,-74.826,-73.526,-69.142,-53.168,2.4002,28.047,2.4002,-53.168,-69.142,-73.526,-74.826,-75.233,-75.352,-75.352
-75.351,-75.351,-75.229,-74.812,-73.473,-68.929,-52.288,5.0715,28.25,5.0715,-52.288,-68.929,-73.473,-74.812,-75.229,-75.351,-75.351
-75.35,-75.35,-75.226,-74.797,-73.417,-68.706,-51.372,7.6838,28.437,7.6838,-51.372,-68.706,-73.417,-74.797,-75.226,-75.35,-75.35
-75.349,-75.349,-75.222,-74.782,-73.36,-68.473,-50.423,10.207,28.606,10.207,-50.423,-68.473,-73.36,-74.782,-75.222,-75.349,-75.349
-75.348,-75.348,-75.217,-74.767,-73.3,-68.229,-49.439,12.61,28.756,12.61,-49.439,-68.229,-73.3,-74.767,-75.217,-75.348,-75.348
-75.347,-75.347,-75.213,-74.75,-73.237,-67.975,-48.424,14.869,28.885,14.869,-48.424,-67.975,-73.237,-74.75,-75.213,-75.347,-75.347
-75.346,-75.346,-75.209,-74.733,-73.172,-67.71,-47.377,16.96,28.993,16.96,-47.377,-67.71,-73.172,-74.733,-75.209,-75.346,-75.346
-75.345,-75.345,-75.204,-74.716,-73.104,-67.434,-46.3,18.868,29.078,18.868,-46.3,-67.434,-73.104,-74.716,-75.204,-75.345,-75.345
-75.344,-75.344,-75.199,-74.698,-73.033,-67.146,-45.193,20.583,29.138,20.583,-45.193,-67.146,-73.033,-74.698,-75.199,-75.344,-75.344
-75.342,-75.342,-75.194,-74.679,-72.959,-66.847,-44.056,22.104,29.174,22.104,-44.056,-66.847,-72.959,-74.679,-75.194,-75.342,-75.342
-75.341,-75.341,-75.189,-74.659,-72.881,-66.536,-42.889,23.434,29.185,23.434,-42.889,-66.536,-72.881,-74.659,-75.189,-75.341,-75.341
-75.339,-75.339,-75.184,-74.638,-72.801,-66.213,-41.691,24.583,29.172,24.583,-41.691,-66.213,-72.801,-74.638,-75.184,-75.339,-75.339
-75.338,-75.338,-75.178,-74.617,-72.717,-65.878,-40.46,25.564,29.137,25.564,-40.46,-65.878,-72.717,-74.617,-75.178,-75.338,-75.338
-75.336,-75.336,-75.172,-74.595,-72.63,-65.53,-39.193,26.393,29.079,26.393,-39.193,-65.53,-72.63,-74.595,-75.172,-75.336,-75.336
-75.334,-75.334,-75.166,-74.572,-72.539,-65.169,-37.888,27.088,29.001,27.088,-37.888,-65.169,-72.539,-74.572,-75.166,-75.334,-75.334
-75.332,-75.332,-75.16,-74.548,-72.444,-64.794,-36.539,27.666,28.904,27.666,-36.539,-64.794,-72.444,-74.548,-75.16,-75.332,-75.332
-75.331,-75.331,-75.154,-74.523,-72.346,-64.405,-35.142,28.144,28.791,28.144,-35.142,-64.405,-72.346,-74.523,-75.154,-75.331,-75.331
-75.329,-75.329,-75.147,-74.497,-72.243,-64.001,-33.693,28.537,28.663,28.537,-33.693,-64.001,-72.243,-74.497,-75.147,-75.329,-75.329
-75.326,-75.326,-75.14,-74.47,-72.137,-63.582,-32.184,28.86,28.521,28.86,-32.184,-63.582,-72.137,-74.47,-75.14,-75.326,-75.326
-75.324,-75.324,-75.133,-74.442,-72.026,-63.146,-30.61,29.124,28.367,29.124,-30.61,-63.146,-72.026,-74.442,-75.133,-75.324,-75.324
-75.322,-75.322,-75.125,-74.412,-71.91,-62.692,-28.964,29.34,28.202,29.34,-28.964,-62.692,-71.91,-74.412,-75.125,-75.322,-75.322
-75.32,-75.32,-75.117,-74.382,-71.79,-62.22,-27.241,29.515,28.029,29.515,-27.241,-62.22,-71.79,-74.382,-75.117,-75.32,-75.32
-75.317,-75.317,-75.109,-74.35,-71.665,-61.727,-25.433,29.657,27.847,29.657,-25.433,-61.727,-71.665,-74.35,-75.109,-75.317,-75.317
-75.314,-75.314,-75.1,-74.317,-71.535,-61.214,-23.536,29.771,27.658,29.771,-23.536,-61.214,-71.535,-74.317,-75.1,-75.314,-75.314
-75.312,-75.312,-75.091,-74.283,-71.4,-60.678,-21.545,29.863,27.463,29.863,-21.545,-60.678,-71.4,-74.283,-75.091,-75.312,-75.312
-75.309,-75.309,-75.082,-74.247,-71.259,-60.117,-19.456,29.937,27.262,29.937,-19.456,-60.117,-71.259,-74.247,-75.082,-75.309,-75.309
-75.306,-75.306,-75.072,-74.21,-71.112,-59.532,-17.266,29.994,27.056,29.994,-17.266,-59.532,-71.112,-74.21,-75.072,-75.306,-75.306
-75.303,-75.303,-75.062,-74.172,-70.958,-58.918,-14.978,30.039,26.845,30.039,-14.978,-58.918,-70.958,-74.172,-75.062,-75.303,-75.303
-75.3,-75.3,-75.052,-74.131,-70.799,-58.277,-12.592,30.073,26.631,30.073,-12.592,-58.277,-70.799,-74.131,-75.052,-75.3,-75.3
-75.296,-75.296,-75.041,-74.089,-70.632,-57.605,-10.116,30.098,26.412,30.098,-10.116,-57.605,-70.632,-74.089,-75.041,-75.296,-75.296
-75.293,-75.293,-75.03,-74.046,-70.458,-56.902,-7.5594,30.115,26.19,30.115,-7.5594,-56.902,-70.458,-74.046,-75.03,-75.293,-75.293
-75.289,-75.289,-75.018,-74,-70.277,-56.167,-4.9362,30.124,25.965,30.124,-4.9362,-56.167,-70.277,-74,-75.018,-75.289,-75.289
-75.285,-75.285,-75.006,-73.953,-70.087,-55.398,-2.2646,30.127,25.737,30.127,-2.2646,-55.398,-70.087,-73.953,-75.006,-75.285,-75.285
-75.281,-75.281,-74.993,-73.904,-69.889,-54.596,0.43277,30.124,25.507,30.124,0.43277,-54.596,-69.889,-73.904,-74.993,-75.281,-75.281
-75.277,-75.277,-74.98,-73.853,-69.683,-53.76,3.1294,30.114,25.273,30.114,3.1294,-53.76,-69.683,-73.853,-74.98,-75.277,-75.277
-75.273,-75.273,-74.967,-73.799,-69.468,-52.891,5.7957,30.097,25.037,30.097,5.7957,-52.891,-69.468,-73.799,-74.967,-75.273,-75.273
-75.268,-75.268,-74.952,-73.743,-69.243,-51.988,8.4003,30.072,24.798,30.072,8.4003,-51.988,-69.243,-73.743,-74.952,-75.268,-75.268
-75.264,-75.264,-74.937,-73.685,-69.008,-51.053,10.911,30.039,24.557,30.039,10.911,-51.053,-69.008,-73.685,-74.937,-75.264,-75.264
-75.259,-75.259,-74.922,-73.625,-68.764,-50.088,13.299,29.997,24.314,29.997,13.299,-50.088,-68.764,-73.625,-74.922,-75.259,-75.259
-75.254,-75.254,-74.906,-73.562,-68.51,-49.092,15.536,29.944,24.067,29.944,15.536,-49.092,-68.51,-73.562,-74.906,-75.254,-75.254
-75.248,-75.248,-74.889,-73.496,-68.245,-48.068,17.6,29.88,23.818,29.88,17.6,-48.068,-68.245,-73.496,-74.889,-75.248,-75.248
-75.243,-75.243,-74.872,-73.428,-67.97,-47.017,19.477,29.805,23.567,29.805,19.477,-47.017,-67.97,-73.428,-74.872,-75.243,-75.243
-75.237,-75.237,-74.853,-73.356,-67.684,-45.939,21.158,29.717,23.313,29.717,21.158,-45.939,-67.684,-73.356,-74.853,-75.237,-75.237
-75.231,-75.231,-74.835,-73.282,-67.388,-44.836,22.642,29.617,23.055,29.617,22.642,-44.836,-67.388,-73.282,-74.835,-75.231,-75.231
-75.225,-75.225,-74.815,-73.205,-67.08,-43.706,23.933,29.504,22.796,29.504,23.933,-43.706,-67.08,-73.205,-74.815,-75.225,-75.225
-75.219,-75.219,-74.794,-73.124,-66.761,-42.549,25.043,29.378,22.533,29.378,25.043,-42.549,-66.761,-73.124,-74.794,-75.219,-75.219
-75.212,-75.212,-74.773,-73.04,-66.43,-41.363,25.986,29.241,22.268,29.241,25.986,-41.363,-66.43,-73.04,-74.773,-75.212,-75.212
-75.205,-75.205,-74.751,-72.953,-66.088,-40.146,26.78,29.092,21.999,29.092,26.78,-40.146,-66.088,-72.953,-74.751,-75.205,-75.205
-75.198,-75.198,-74.728,-72.863,-65.734,-38.895,27.441,28.933,21.729,28.933,27.441,-38.895,-65.734,-72.863,-74.728,-75.198,-75.198
-75.19,-75.19,-74.704,-72.769,-65.367,-37.605,27.989,28.764,21.455,28.764,27.989,-37.605,-65.367,-72.769,-74.704,-75.19,-75.19
-75.183,-75.183,-74.679,-72.671,-64.987,-36.273,28.44,28.586,21.179,28.586,28.44,-36.273,-64.987,-72.671,-74.679,-75.183,-75.183
-75.174,-75.174,-74.653,-72.569,-64.594,-34.892,28.809,28.399,20.901,28.399,28.809,-34.892,-64.594,-72.569,-74.653,-75.174,-75.174
-75.166,-75.166,-74.626,-72.464,-64.186,-33.458,29.11,28.206,20.621,28.206,29.11,-33.458,-64.186,-72.464,-74.626,-75.166,-75.166
-75.157,-75.157,-74.597,-72.354,-63.763,-31.963,29.355,28.005,20.338,28.005,29.355,-31.963,-63.763,-72.354,-74.597,-75.157,-75.157
-75.148,-75.148,-74.568,-72.24,-63.324,-30.402,29.554,27.799,20.053,27.799,29.554,-30.402,-63.324,-72.24,-74.568,-75.148,-75.148
-75.138,-75.138,-74.538,-72.122,-62.868,-28.768,29.714,27.587,19.766,27.587,29.714,-28.768,-62.868,-72.122,-74.538,-75.138,-75.138
-75.128,-75.128,-74.506,-71.999,-62.394,-27.054,29.842,27.371,19.477,27.371,29.842,-27.054,-62.394,-71.999,-74.506,-75.128,-75.128
-75.118,-75.118,-74.473,-71.871,-61.9,-25.254,29.944,27.15,19.187,27.15,29.944,-25.254,-61.9,-71.871,-74.473,-75.118,-75.118
-75.107,-75.107,-74.439,-71.738,-61.385,-23.362,30.025,26.925,18.894,26.925,30.025,-23.362,-61.385,-71.738,-74.439,-75.107,-75.107
-75.096,-75.096,-74.403,-71.6,-60.848,-21.374,30.087,26.696,18.6,26.696,30.087,-21.374,-60.848,-71.6,-74.403,-75.096,-75.096
-75.084,-75.084,-74.366,-71.457,-60.287,-19.286,30.135,26.464,18.305,26.464,30.135,-19.286,-60.287,-71.457,-74.366,-75.084,-75.084
-75.072,-75.072,-74.327,-71.307,-59.7,-17.096,30.171,26.228,18.008,26.228,30.171,-17.096,-59.7,-71.307,-74.327,-75.072,-75.072
-75.06,-75.06,-74.287,-71.152,-59.087,-14.804,30.197,25.99,17.709,25.99,30.197,-14.804,-59.087,-71.152,-74.287,-75.06,-75.06
-75.047,-75.047,-74.246,-70.99,-58.445,-12.414,30.214,25.749,17.409,25.749,30.214,-12.414,-58.445,-70.99,-74.246,-75.047,-75.047
-75.033,-75.033,-74.202,-70.821,-57.773,-9.9317,30.224,25.505,17.108,25.505,30.224,-9.9317,-57.773,-70.821,-74.202,-75.033,-75.033
-75.019,-75.019,-74.157,-70.645,-57.07,-7.3676,30.227,25.259,16.805,25.259,30.227,-7.3676,-57.07,-70.645,-74.157,-75.019,-75.019
-75.004,-75.004,-74.11,-70.461,-56.335,-4.736,30.225,25.011,16.502,25.011,30.225,-4.736,-56.335,-70.461,-74.11,-75.004,-75.004
-74.989,-74.989,-74.061,-70.27,-55.568,-2.0556,30.217,24.76,16.196,24.76,30.217,-2.0556,-55.568,-70.27,-74.061,-74.989,-74.989
-74.973,-74.973,-74.01,-70.07,-54.766,0.65037,30.204,24.507,15.89,24.507,30.204,0.65037,-54.766,-70.07,-74.01,-74.973,-74.973
-74.956,-74.956,-73.957,-69.862,-53.932,3.355,30.185,24.252,15.583,24.252,30.185,3.355,-53.932,-69.862,-73.957,-74.956,-74.956
-74.939,-74.939,-73.902,-69.645,-53.064,6.0281,30.159,23.995,15.274,23.995,30.159,6.0281,-53.064,-69.645,-73.902,-74.939,-74.939
-74.921,-74.921,-73.845,-69.419,-52.163,8.6377,30.127,23.735,14.965,23.735,30.127,8.6377,-52.163,-69.419,-73.845,-74.921,-74.921
-74.902,-74.902,-73.785,-69.183,-51.231,11.152,30.087,23.474,14.654,23.474,30.087,11.152,-51.231,-69.183,-73.785,-74.902,-74.902
-74.883,-74.883,-73.723,-68.938,-50.268,13.54,30.039,23.211,14.342,23.211,30.039,13.54,-50.268,-68.938,-73.723,-74.883,-74.883
-74.863,-74.863,-73.658,-68.682,-49.277,15.774,29.98,22.945,14.029,22.945,29.98,15.774,-49.277,-68.682,-73.658,-74.863,-74.863
-74.842,-74.842,-73.59,-68.416,-48.257,17.834,29.911,22.678,13.716,22.678,29.911,17.834,-48.257,-68.416,-73.59,-74.842,-74.842
-74.82,-74.82,-73.52,-68.14,-47.211,19.704,29.83,22.409,13.401,22.409,29.83,19.704,-47.211,-68.14,-73.52,-74.82,-74.82
-74.797,-74.797,-73.447,-67.854,-46.14,21.376,29.737,22.137,13.085,22.137,29.737,21.376,-46.14,-67.854,-73.447,-74.797,-74.797
-74.774,-74.774,-73.371,-67.557,-45.043,22.849,29.632,21.863,12.768,21.863,29.632,22.849,-45.043,-67.557,-73.371,-74.774,-74.774
-74.749,-74.749,-73.292,-67.248,-43.922,24.129,29.515,21.587,12.451,21.587,29.515,24.129,-43.922,-67.248,-73.292,-74.749,-74.749
-74.723,-74.723,-73.209,-66.929,-42.774,25.227,29.386,21.31,12.132,21.31,29.386,25.227,-42.774,-66.929,-73.209,-74.723,-74.723
-74.697,-74.697,-73.124,-66.599,-41.599,26.158,29.245,21.03,11.812,21.03,29.245,26.158,-41.599,-66.599,-73.124,-74.697,-74.697
-74.669,-74.669,-73.035,-66.257,-40.394,26.94,29.092,20.748,11.492,20.748,29.092,26.94,-40.394,-66.257,-73.035,-74.669,-74.669
-74.64,-74.64,-72.942,-65.903,-39.156,27.591,28.93,20.464,11.171,20.464,28.93,27.591,-39.156,-65.903,-72.942,-74.64,-74.64
-74.61,-74.61,-72.846,-65.537,-37.881,28.129,28.758,20.178,10.848,20.178,28.758,28.129,-37.881,-65.537,-72.846,-74.61,-74.61
-74.579,-74.579,-72.746,-65.159,-36.564,28.571,28.577,19.89,10.525,19.89,28.577,28.571,-36.564,-65.159,-72.746,-74.579,-74.579
-74.546,-74.546,-72.643,-64.767,-35.201,28.932,28.389,19.6,10.202,19.6,28.389,28.932,-35.201,-64.767,-72.643,-74.546,-74.546
-74.513,-74.513,-72.535,-64.361,-33.785,29.226,28.193,19.308,9.877,19.308,28.193,29.226,-33.785,-64.361,-72.535,-74.513,-74.513
-74.478,-74.478,-72.424,-63.94,-32.31,29.465,27.991,19.015,9.5516,19.015,27.991,29.465,-32.31,-63.94,-72.424,-74.478,-74.478
-74.441,-74.441,-72.308,-63.504,-30.77,29.658,27.783,18.72,9.2254,18.72,27.783,29.658,-30.77,-63.504,-72.308,-74.441,-74.441
-74.403,-74.403,-72.187,-63.051,-29.157,29.813,27.57,18.424,8.8984,18.424,27.57,29.813,-29.157,-63.051,-72.187,-74.403,-74.403
-74.364,-74.364,-72.062,-62.58,-27.466,29.937,27.352,18.125,8.5708,18.125,27.352,29.937,-27.466,-62.58,-72.062,-74.364,-74.364
-74.323,-74.323,-71.933,-62.089,-25.691,30.035,27.13,17.826,8.2424,17.826,27.13,30.035,-25.691,-62.089,-71.933,-74.323,-74.323
-74.28,-74.28,-71.798,-61.579,-23.824,30.113,26.904,17.525,7.9134,17.525,26.904,30.113,-23.824,-61.579,-71.798,-74.28,-74.28
-74.236,-74.236,-71.658,-61.046,-21.86,30.172,26.674,17.222,7.5837,17.222,26.674,30.172,-21.86,-61.046,-71.658,-74.236,-74.236
-74.19,-74.19,-71.512,-60.49,-19.797,30.217,26.441,16.918,7.2534,16.918,26.441,30.217,-19.797,-60.49,-71.512,-74.19,-74.19
-74.142,-74.142,-71.361,-59.909,-17.632,30.251,26.205,16.613,6.9224,16.613,26.205,30.251,-17.632,-59.909,-71.361,-74.142,-74.142
-74.092,-74.092,-71.203,-59.302,-15.363,30.274,25.966,16.307,6.5909,16.307,25.966,30.274,-15.363,-59.302,-71.203,-74.092,-74.092
-74.041,-74.041,-71.039,-58.666,-12.995,30.289,25.724,15.999,6.2588,15.999,25.724,30.289,-12.995,-58.666,-71.039,-74.041,-74.041
-73.987,-73.987,-70.869,-58.001,-10.531,30.297,25.48,15.69,5.9261,15.69,25.48,30.297,-10.531,-58.001,-70.869,-73.987,-73.987
-73.931,-73.931,-70.691,-57.305,-7.9821,30.298,25.234,15.38,5.5929,15.38,25.234,30.298,-7.9821,-57.305,-70.691,-73.931,-73.931
-73.873,-73.873,-70.505,-56.577,-5.3607,30.294,24.985,15.069,5.2592,15.069,24.985,30.294,-5.3607,-56.577,-70.505,-73.873,-73.873
-73.813,-73.813,-70.312,-55.817,-2.6849,30.285,24.734,14.756,4.925,14.756,24.734,30.285,-2.6849,-55.817,-70.312,-73.813,-73.813
-73.75,-73.75,-70.111,-55.023,0.023245,30.271,24.48,14.443,4.5903,14.443,24.48,30.271,0.023245,-55.023,-70.111,-73.75,-73.75
-73.684,-73.684,-69.901,-54.196,2.7373,30.252,24.225,14.128,4.2551,14.128,24.225,30.252,2.7373,-54.196,-69.901,-73.684,-73.684
-73.616,-73.616,-69.682,-53.335,5.4276,30.227,23.968,13.812,3.9195,13.812,23.968,30.227,5.4276,-53.335,-69.682,-73.616,-73.616
-73.546,-73.546,-69.454,-52.442,8.0624,30.195,23.708,13.496,3.5835,13.496,23.708,30.195,8.0624,-52.442,-69.454,-73.546,-73.546
-73.472,-73.472,-69.216,-51.516,10.609,30.156,23.447,13.178,3.247,13.178,23.447,30.156,10.609,-51.516,-69.216,-73.472,-73.472
-73.395,-73.395,-68.968,-50.56,13.036,30.108,23.184,12.859,2.9102,12.859,23.184,30.108,13.036,-50.56,-68.968,-73.395,-73.395
-73.315,-73.315,-68.711,-49.575,15.315,30.051,22.919,12.54,2.5729,12.54,22.919,30.051,15.315,-49.575,-68.711,-73.315,-73.315
-73.232,-73.232,-68.443,-48.562,17.424,29.983,22.651,12.219,2.2353,12.219,22.651,29.983,17.424,-48.562,-68.443,-73.232,-73.232
-73.146,-73.146,-68.164,-47.522,19.344,29.905,22.382,11.897,1.8974,11.897,22.382,29.905,19.344,-47.522,-68.164,-73.146,-73.146
-73.056,-73.056,-67.875,-46.456,21.066,29.814,22.11,11.575,1.5591,11.575,22.11,29.814,21.066,-46.456,-67.875,-73.056,-73.056
-72.962,-72.962,-67.575,-45.366,22.589,29.712,21.837,11.251,1.2206,11.251,21.837,29.712,22.589,-45.366,-67.575,-72.962,-72.962
-72.864,-72.864,-67.265,-44.251,23.915,29.597,21.561,10.927,0.88168,10.927,21.561,29.597,23.915,-44.251,-67.265,-72.864,-72.864
-72.763,-72.763,-66.943,-43.11,25.056,29.47,21.284,10.602,0.54252,10.602,21.284,29.47,25.056,-43.11,-66.943,-72.763,-72.763
-72.658,-72.658,-66.609,-41.943,26.025,29.331,21.004,10.276,0.20308,10.276,21.004,29.331,26.025,-41.943,-66.609,-72.658,-72.658
-72.548,-72.548,-66.265,-40.746,26.84,29.181,20.722,9.9487,-0.1366,9.9487,20.722,29.181,26.84,-40.746,-66.265,-72.548,-72.548
-72.434,-72.434,-65.908,-39.518,27.519,29.021,20.438,9.621,-0.47653,9.621,20.438,29.021,27.519,-39.518,-65.908,-72.434,-72.434
-72.316,-72.316,-65.539,-38.254,28.081,28.851,20.153,9.2924,-0.81668,9.2924,20.153,28.851,28.081,-38.254,-65.539,-72.316,-72.316
-72.193,-72.193,-65.157,-36.95,28.543,28.672,19.865,8.963,-1.157,8.963,19.865,28.672,28.543,-36.95,-65.157,-72.193,-72.193
-72.066,-72.066,-64.762,-35.6,28.921,28.485,19.576,8.6329,-1.4976,8.6329,19.576,28.485,28.921,-35.6,-64.762,-72.066,-72.066
-71.933,-71.933,-64.352,-34.2,29.228,28.291,19.284,8.302,-1.8383,8.302,19.284,28.291,29.228,-34.2,-64.352,-71.933,-71.933
-71.796,-71.796,-63.928,-32.742,29.478,28.09,18.991,7.9703,-2.1792,7.9703,18.991,28.09,29.478,-32.742,-63.928,-71.796,-71.796
-71.653,-71.653,-63.489,-31.221,29.68,27.884,18.697,7.638,-2.5203,7.638,18.697,27.884,29.68,-31.221,-63.489,-71.653,-71.653
-71.505,-71.505,-63.032,-29.63,29.842,27.672,18.4,7.3049,-2.8614,7.3049,18.4,27.672,29.842,-29.63,-63.032,-71.505,-71.505
-71.351,-71.351,-62.558,-27.961,29.972,27.455,18.103,6.9711,-3.2027,6.9711,18.103,27.455,29.972,-27.961,-62.558,-71.351,-71.351
-71.191,-71.191,-62.064,-26.21,30.076,27.234,17.803,6.6367,-3.5442,6.6367,17.803,27.234,30.076,-26.21,-62.064,-71.191,-71.191
-71.025,-71.025,-61.55,-24.368,30.157,27.009,17.503,6.3016,-3.8856,6.3016,17.503,27.009,30.157,-24.368,-61.55,-71.025,-71.025
-70.852,-70.852,-61.014,-22.431,30.22,26.78,17.2,5.9659,-4.2272,5.9659,17.2,26.78,30.22,-22.431,-61.014,-70.852,-70.852
-70.673,-70.673,-60.455,-20.395,30.268,26.548,16.897,5.6296,-4.5689,5.6296,16.897,26.548,30.268,-20.395,-60.455,-70.673,-70.673
-70.486,-70.486,-59.871,-18.256,30.303,26.313,16.592,5.2927,-4.9105,5.2927,16.592,26.313,30.303,-18.256,-59.871,-70.486,-70.486
-70.292,-70.292,-59.26,-16.014,30.328,26.075,16.286,4.9552,-5.2522,4.9552,16.286,26.075,30.328,-16.014,-59.26,-70.292,-70.292
-70.09,-70.09,-58.62,-13.67,30.345,25.835,15.978,4.6172,-5.594,4.6172,15.978,25.835,30.345,-13.67,-58.62,-70.09,-70.09
-69.88,-69.88,-57.951,-11.228,30.354,25.591,15.669,4.2786,-5.9357,4.2786,15.669,25.591,30.354,-11.228,-57.951,-69.88,-69.88
-69.661,-69.661,-57.251,-8.6971,30.357,25.346,15.36,3.9395,-6.2774,3.9395,15.36,25.346,30.357,-8.6971,-57.251,-69.661,-69.661
-69.432,-69.432,-56.519,-6.0892,30.354,25.098,15.048,3.5999,-6.6191,3.5999,15.048,25.098,30.354,-6.0892,-56.519,-69.432,-69.432
-69.195,-69.195,-55.753,-3.4206,30.346,24.848,14.736,3.2598,-6.9608,3.2598,14.736,24.848,30.346,-3.4206,-55.753,-69.195,-69.195
-68.947,-68.947,-54.954,-0.71258,30.334,24.595,14.423,2.9192,-7.3024,2.9192,14.423,24.595,30.334,-0.71258,-54.954,-68.947,-68.947
-68.688,-68.688,-54.119,2.0097,30.316,24.341,14.109,2.5782,-7.6439,2.5782,14.109,24.341,30.316,2.0097,-54.119,-68.688,-68.688
-68.418,-68.418,-53.251,4.7171,30.292,24.084,13.793,2.2367,-7.9854,2.2367,13.793,24.084,30.292,4.7171,-53.251,-68.418,-68.418
-68.137,-68.137,-52.348,7.3782,30.263,23.826,13.477,1.8948,-8.3267,1.8948,13.477,23.826,30.263,7.3782,-52.348,-68.137,-68.137
-67.844,-67.844,-51.412,9.9602,30.226,23.566,13.159,1.5525,-8.668,1.5525,13.159,23.566,30.226,9.9602,-51.412,-67.844,-67.844
-67.539,-67.539,-50.444,12.431,30.181,23.303,12.84,1.2099,-9.0091,1.2099,12.84,23.303,30.181,12.431,-50.444,-67.539,-67.539
-67.221,-67.221,-49.444,14.761,30.126,23.039,12.521,0.8668,-9.3501,0.8668,12.521,23.039,30.126,14.761,-49.444,-67.221,-67.221
-66.89,-66.89,-48.415,16.925,30.062,22.773,12.2,0.5234,-9.6909,0.5234,12.2,22.773,30.062,16.925,-48.415,-66.89,-66.89
-66.545,-66.545,-47.357,18.905,29.987,22.504,11.879,0.17966,-10.032,0.17966,11.879,22.504,29.987,18.905,-47.357,-66.545,-66.545
-66.187,-66.187,-46.272,20.687,29.9,22.234,11.557,-0.16441,-10.372,-0.16441,11.557,22.234,29.9,20.687,-46.272,-66.187,-66.187
-65.814,-65.814,-45.159,22.269,29.801,21.961,11.233,-0.50878,-10.712,-0.50878,11.233,21.961,29.801,22.269,-45.159,-65.814,-65.814
-65.428,-65.428,-44.02,23.652,29.69,21.687,10.909,-0.85345,-11.052,-0.85345,10.909,21.687,29.69,23.652,-44.02,-65.428,-65.428
-65.026,-65.026,-42.853,24.845,29.567,21.41,10.584,-1.1984,-11.392,-1.1984,10.584,21.41,29.567,24.845,-42.853,-65.026,-65.026
-64.61,-64.61,-41.657,25.862,29.432,21.131,10.258,-1.5436,-11.732,-1.5436,10.258,21.131,29.432,25.862,-41.657,-64.61,-64.61
-64.178,-64.178,-40.43,26.719,29.285,20.85,9.931,-1.8891,-12.071,-1.8891,9.931,20.85,29.285,26.719,-40.43,-64.178,-64.178
-63.73,-63.73,-39.168,27.435,29.128,20.568,9.6033,-2.2347,-12.411,-2.2347,9.6033,20.568,29.128,27.435,-39.168,-63.73,-63.73
-63.265,-63.265,-37.869,28.029,28.961,20.283,9.2748,-2.5807,-12.749,-2.5807,9.2748,20.283,28.961,28.029,-37.869,-63.265,-63.265
-62.783,-62.783,-36.527,28.518,28.785,19.996,8.9454,-2.9268,-13.088,-2.9268,8.9454,19.996,28.785,28.518,-36.527,-62.783,-62.783
-62.283,-62.283,-35.138,28.918,28.6,19.708,8.6153,-3.2731,-13.426,-3.2731,8.6153,19.708,28.6,28.918,-35.138,-62.283,-62.283
-61.763,-61.763,-33.695,29.245,28.408,19.417,8.2844,-3.6195,-13.764,-3.6195,8.2844,19.417,28.408,29.245,-33.695,-61.763,-61.763
-61.224,-61.224,-32.192,29.511,28.21,19.125,7.9527,-3.9661,-14.102,-3.9661,7.9527,19.125,28.21,29.511,-32.192,-61.224,-61.224
-60.663,-60.663,-30.622,29.727,28.005,18.831,7.6203,-4.3129,-14.439,-4.3129,7.6203,18.831,28.005,29.727,-30.622,-60.663,-60.663
-60.079,-60.079,-28.979,29.901,27.795,18.536,7.2872,-4.6598,-14.776,-4.6598,7.2872,18.536,27.795,29.901,-28.979,-60.079,-60.079
-59.471,-59.471,-27.255,30.042,27.581,18.239,6.9534,-5.0068,-15.113,-5.0068,6.9534,18.239,27.581,30.042,-27.255,-59.471,-59.471
-58.836,-58.836,-25.445,30.155,27.361,17.941,6.6189,-5.3539,-15.449,-5.3539,6.6189,17.941,27.361,30.155,-25.445,-58.836,-58.836
-58.174,-58.174,-23.542,30.244,27.138,17.641,6.2837,-5.7011,-15.785,-5.7011,6.2837,17.641,27.138,30.244,-23.542,-58.174,-58.174
-57.482,-57.482,-21.54,30.315,26.911,17.339,5.9479,-6.0483,-16.121,-6.0483,5.9479,17.339,26.911,30.315,-21.54,-57.482,-57.482
-56.757,-56.757,-19.436,30.37,26.68,17.036,5.6115,-6.3956,-16.456,-6.3956,5.6115,17.036,26.68,30.37,-19.436,-56.757,-56.757
-55.998,-55.998,-17.227,30.413,26.447,16.732,5.2744,-6.743,-16.791,-6.743,5.2744,16.732,26.447,30.413,-17.227,-55.998,-55.998
-55.203,-55.203,-14.912,30.445,26.21,16.427,4.9367,-7.0903,-17.125,-7.0903,4.9367,16.427,26.21,30.445,-14.912,-55.203,-55.203
-54.368,-54.368,-12.495,30.468,25.971,16.12,4.5985,-7.4377,-17.459,-7.4377,4.5985,16.12,25.971,30.468,-12.495,-54.368,-54.368
-53.492,-53.492,-9.981,30.483,25.729,15.812,4.2597,-7.7851,-17.792,-7.7851,4.2597,15.812,25.729,30.483,-9.981,-53.492,-53.492
-52.571,-52.571,-7.3799,30.492,25.485,15.503,3.9204,-8.1324,-18.125,-8.1324,3.9204,15.503,25.485,30.492,-7.3799,-52.571,-52.571
-51.605,-51.605,-4.7057,30.495,25.238,15.193,3.5806,-8.4797,-18.458,-8.4797,3.5806,15.193,25.238,30.495,-4.7057,-51.605,-51.605
-50.59,-50.59,-1.9772,30.492,24.989,14.881,3.2402,-8.827,-18.79,-8.827,3.2402,14.881,24.989,30.492,-1.9772,-50.59,-50.59
-49.524,-49.524,0.78219,30.484,24.738,14.569,2.8994,-9.1742,-19.121,-9.1742,2.8994,14.569,24.738,30.484,0.78219,-49.524,-49.524
-48.407,-48.407,3.545,30.471,24.485,14.255,2.5581,-9.5213,-19.452,-9.5213,2.5581,14.255,24.485,30.471,3.545,-48.407,-48.407
-47.236,-47.236,6.2802,30.451,24.23,13.94,2.2163,-9.8684,-19.783,-9.8684,2.2163,13.94,24.23,30.451,6.2802,-47.236,-47.236
-46.011,-46.011,8.9545,30.424,23.973,13.624,1.8741,-10.215,-20.112,-10.215,1.8741,13.624,23.973,30.424,8.9545,-46.011,-46.011
-44.73,-44.73,11.534,30.39,23.713,13.308,1.5315,-10.562,-20.442,-10.562,1.5315,13.308,23.713,30.39,11.534,-44.73,-44.73
-43.392,-43.392,13.988,30.346,23.452,12.99,1.1884,-10.909,-20.771,-10.909,1.1884,12.99,23.452,30.346,13.988,-43.392,-43.392
-41.996,-41.996,16.286,30.293,23.189,12.671,0.84502,-11.255,-21.099,-11.255,0.84502,12.671,23.189,30.293,16.286,-41.996,-41.996
-40.542,-40.542,18.406,30.229,22.923,12.351,0.50122,-11.602,-21.427,-11.602,0.50122,12.351,22.923,30.229,18.406,-40.542,-40.542
-39.026,-39.026,20.332,30.153,22.656,12.03,0.15707,-11.948,-21.754,-11.948,0.15707,12.03,22.656,30.153,20.332,-39.026,-39.026
-37.448,-37.448,22.054,30.066,22.386,11.708,-0.18743,-12.294,-22.081,-12.294,-0.18743,11.708,22.386,30.066,22.054,-37.448,-37.448
-35.805,-35.805,23.572,29.965,22.115,11.386,-0.53226,-12.64,-22.407,-12.64,-0.53226,11.386,22.115,29.965,23.572,-35.805,-35.805
-34.092,-34.092,24.892,29.853,21.841,11.062,-0.8774,-12.985,-22.732,-12.985,-0.8774,11.062,21.841,29.853,24.892,-34.092,-34.092
-32.306,-32.306,26.026,29.728,21.565,10.737,-1.2228,-13.331,-23.057,-13.331,-1.2228,10.737,21.565,29.728,26.026,-32.306,-32.306
-30.441,-30.441,26.99,29.591,21.287,10.412,-1.5686,-13.676,-23.381,-13.676,-1.5686,10.412,21.287,29.591,26.99,-30.441,-30.441
-28.49,-28.49,27.802,29.443,21.007,10.086,-1.9145,-14.021,-23.704,-14.021,-1.9145,10.086,21.007,29.443,27.802,-28.49,-28.49
-26.447,-26.447,28.482,29.285,20.725,9.7586,-2.2608,-14.366,-24.027,-14.366,-2.2608,9.7586,20.725,29.285,28.482,-26.447,-26.447
-24.305,-24.305,29.049,29.117,20.441,9.4306,-2.6073,-14.71,-24.349,-14.71,-2.6073,9.4306,20.441,29.117,29.049,-24.305,-24.305
-22.057,-22.057,29.522,28.941,20.155,9.1018,-2.9539,-15.054,-24.671,-15.054,-2.9539,9.1018,20.155,28.941,29.522,-22.057,-22.057
-19.695,-19.695,29.915,28.757,19.867,8.7722,-3.3009,-15.398,-24.992,-15.398,-3.3009,8.7722,19.867,28.757,29.915,-19.695,-19.695
-17.216,-17.216,30.244,28.566,19.578,8.4418,-3.6479,-15.741,-25.312,-15.741,-3.6479,8.4418,19.578,28.566,30.244,-17.216,-17.216
-14.616,-14.616,30.52,28.368,19.287,8.1106,-3.9952,-16.084,-25.632,-16.084,-3.9952,8.1106,19.287,28.368,30.52,-14.616,-14.616
-11.894,-11.894,30.753,28.165,18.994,7.7787,-4.3426,-16.427,-25.951,-16.427,-4.3426,7.7787,18.994,28.165,30.753,-11.894,-11.894
-9.0537,-9.0537,30.951,27.957,18.699,7.4461,-4.6902,-16.77,-26.269,-16.77,-4.6902,7.4461,18.699,27.957,30.951,-9.0537,-9.0537
-6.1044,-6.1044,31.121,27.744,18.403,7.1127,-5.0379,-17.112,-26.586,-17.112,-5.0379,7.1127,18.403,27.744,31.121,-6.1044,-6.1044
-3.06,-3.06,31.267,27.527,18.105,6.7787,-5.3858,-17.454,-26.903,-17.454,-5.3858,6.7787,18.105,27.527,31.267,-3.06,-3.06
0.05835,0.05835,31.393,27.306,17.806,6.4439,-5.7337,-17.795,-27.219,-17.795,-5.7337,6.4439,17.806,27.306,31.393,0.05835,0.05835
3.2226,3.2226,31.501,27.082,17.506,6.1085,-6.0817,-18.136,-27.534,-18.136,-6.0817,6.1085,17.506,27.082,31.501,3.2226,3.2226
6.3979,6.3979,31.593,26.855,17.204,5.7725,-6.4298,-18.476,-27.849,-18.476,-6.4298,5.7725,17.204,26.855,31.593,6.3979,6.3979
9.543,9.543,31.67,26.624,16.901,5.4359,-6.778,-18.817,-28.163,-18.817,-6.778,5.4359,16.901,26.624,31.67,9.543,9.543
12.613,12.613,31.732,26.391,16.596,5.0986,-7.1262,-19.156,-28.476,-19.156,-7.1262,5.0986,16.596,26.391,31.732,12.613,12.613
15.56,15.56,31.779,26.154,16.29,4.7608,-7.4744,-19.496,-28.789,-19.496,-7.4744,4.7608,16.29,26.154,31.779,15.56,15.56
18.339,18.339,31.81,25.915,15.983,4.4224,-7.8227,-19.834,-29.1,-19.834,-7.8227,4.4224,15.983,25.915,31.81,18.339,18.339
20.908,20.908,31.825,25.673,15.675,4.0835,-8.1709,-20.173,-29.411,-20.173,-8.1709,4.0835,15.675,25.673,31.825,20.908,20.908
23.236,23.236,31.822,25.428,15.365,3.744,-8.5191,-20.511,-29.721,-20.511,-8.5191,3.744,15.365,25.428,31.822,23.236,23.236
25.299,25.299,31.801,25.18,15.055,3.404,-8.8674,-20.848,-30.031,-20.848,-8.8674,3.404,15.055,25.18,31.801,25.299,25.299
27.088,27.088,31.763,24.93,14.743,3.0635,-9.2155,-21.185,-30.339,-21.185,-9.2155,3.0635,14.743,24.93,31.763,27.088,27.088
28.605,28.605,31.706,24.677,14.43,2.7225,-9.5636,-21.521,-30.647,-21.521,-9.5636,2.7225,14.43,24.677,31.706,28.605,28.605
29.863,29.863,31.631,24.421,14.116,2.381,-9.9117,-21.857,-30.955,-21.857,-9.9117,2.381,14.116,24.421,31.631,29.863,29.863
30.884,30.884,31.539,24.162,13.801,2.0391,-10.26,-22.193,-31.261,-22.193,-10.26,2.0391,13.801,24.162,31.539,30.884,30.884
31.693,31.693,31.431,23.901,13.484,1.6968,-10.608,-22.528,-31.567,-22.528,-10.608,1.6968,13.484,23.901,31.431,31.693,31.693
32.321,32.321,31.309,23.638,13.167,1.354,-10.955,-22.862,-31.872,-22.862,-10.955,1.354,13.167,23.638,31.309,32.321,32.321
32.797,32.797,31.174,23.371,12.849,1.0108,-11.303,-23.196,-32.176,-23.196,-11.303,1.0108,12.849,23.371,31.174,32.797,32.797
33.149,33.149,31.026,23.103,12.529,0.66728,-11.65,-23.529,-32.479,-23.529,-11.65,0.66728,12.529,23.103,31.026,33.149,33.149
33.402,33.402,30.869,22.832,12.209,0.32334,-11.998,-23.862,-32.782,-23.862,-11.998,0.32334,12.209,22.832,30.869,33.402,33.402
33.575,33.575,30.702,22.559,11.887,-0.020953,-12.345,-24.194,-33.084,-24.194,-12.345,-0.020953,11.887,22.559,30.702,33.575,33.575
33.687,33.687,30.527,22.284,11.565,-0.36559,-12.692,-24.525,-33.385,-24.525,-12.692,-0.36559,11.565,22.284,30.527,33.687,33.687
33.75,33.75,30.345,22.007,11.242,-0.71055,-13.039,-24.856,-33.685,-24.856,-13.039,-0.71055,11.242,22.007,30.345,33.75,33.75
33.776,33.776,30.157,21.728,10.917,-1.0558,-13.386,-25.187,-33.985,-25.187,-13.386,-1.0558,10.917,21.728,30.157,33.776,33.776
33.772,33.772,29.963,21.447,10.592,-1.4014,-13.732,-25.517,-34.284,-25.517,-13.732,-1.4014,10.592,21.447,29.963,33.772,33.772
33.744,33.744,29.764,21.164,10.266,-1.7473,-14.078,-25.846,-34.582,-25.846,-14.078,-1.7473,10.266,21.164,29.764,33.744,33.744
33.696,33.696,29.56,20.879,9.9395,-2.0934,-14.424,-26.174,-34.879,-26.174,-14.424,-2.0934,9.9395,20.879,29.56,33.696,33.696
33.633,33.633,29.352,20.593,9.6118,-2.4397,-14.77,-26.502,-35.176,-26.502,-14.77,-2.4397,9.6118,20.593,29.352,33.633,33.633
33.556,33.556,29.14,20.305,9.2832,-2.7863,-15.115,-26.83,-35.472,-26.83,-15.115,-2.7863,9.2832,20.305,29.14,33.556,33.556
33.467,33.467,28.925,20.015,8.9539,-3.1332,-15.461,-27.156,-35.768,-27.156,-15.461,-3.1332,8.9539,20.015,28.925,33.467,33.467
33.368,33.368,28.706,19.724,8.6238,-3.4802,-15.806,-27.483,-36.062,-27.483,-15.806,-3.4802,8.6238,19.724,28.706,33.368,33.368
33.26,33.26,28.483,19.431,8.2929,-3.8274,-16.15,-27.808,-36.356,-27.808,-16.15,-3.8274,8.2929,19.431,28.483,33.26,33.26
33.144,33.144,28.258,19.137,7.9613,-4.1748,-16.494,-28.133,-36.649,-28.133,-16.494,-4.1748,7.9613,19.137,28.258,33.144,33.144
33.02,33.02,28.029,18.842,7.629,-4.5224,-16.838,-28.457,-36.942,-28.457,-16.838,-4.5224,7.629,18.842,28.029,33.02,33.02
32.889,32.889,27.798,18.545,7.2959,-4.8701,-17.182,-28.781,-37.234,-28.781,-17.182,-4.8701,7.2959,18.545,27.798,32.889,32.889
32.752,32.752,27.564,18.246,6.9622,-5.2179,-17.525,-29.104,-37.525,-29.104,-17.525,-5.2179,6.9622,18.246,27.564,32.752,32.752
32.609,32.609,27.327,17.946,6.6277,-5.5658,-17.868,-29.426,-37.816,-29.426,-17.868,-5.5658,6.6277,17.946,27.327,32.609,32.609
32.46,32.46,27.087,17.645,6.2927,-5.9139,-18.211,-29.748,-38.106,-29.748,-18.211,-5.9139,6.2927,17.645,27.087,32.46,32.46
32.305,32.305,26.845,17.343,5.957,-6.262,-18.553,-30.069,-38.396,-30.069,-18.553,-6.262,5.957,17.343,26.845,32.305,32.305
32.145,32.145,26.6,17.039,5.6206,-6.6102,-18.895,-30.389,-38.684,-30.389,-18.895,-6.6102,5.6206,17.039,26.6,32.145,32.145
31.98,31.98,26.353,16.734,5.2837,-6.9585,-19.237,-30.709,-38.973,-30.709,-19.237,-6.9585,5.2837,16.734,26.353,31.98,31.98
31.811,31.811,26.104,16.428,4.9461,-7.3068,-19.578,-31.028,-39.261,-31.028,-19.578,-7.3068,4.9461,16.428,26.104,31.811,31.811
31.637,31.637,25.852,16.12,4.608,-7.6551,-19.918,-31.346,-39.548,-31.346,-19.918,-7.6551,4.608,16.12,25.852,31.637,31.637
31.458,31.458,25.598,15.812,4.2693,-8.0035,-20.258,-31.664,-39.835,-31.664,-20.258,-8.0035,4.2693,15.812,25.598,31.458,31.458
31.276,31.276,25.342,15.502,3.9301,-8.3518,-20.598,-31.981,-40.121,-31.981,-20.598,-8.3518,3.9301,15.502,25.342,31.276,31.276
31.089,31.089,25.083,15.191,3.5904,-8.7002,-20.938,-32.298,-40.407,-32.298,-20.938,-8.7002,3.5904,15.191,25.083,31.089,31.089
30.898,30.898,24.823,14.879,3.2501,-9.0485,-21.277,-32.614,-40.692,-32.614,-21.277,-9.0485,3.2501,14.879,24.823,30.898,30.898
30.704,30.704,24.56,14.566,2.9094,-9.3968,-21.615,-32.93,-40.977,-32.93,-21.615,-9.3968,2.9094,14.566,24.56,30.704,30.704
30.506,30.506,24.295,14.251,2.5682,-9.745,-21.953,-33.244,-41.261,-33.244,-21.953,-9.745,2.5682,14.251,24.295,30.506,30.506
30.305,30.305,24.029,13.936,2.2265,-10.093,-22.29,-33.559,-41.545,-33.559,-22.29,-10.093,2.2265,13.936,24.029,30.305,30.305
30.1,30.1,23.76,13.619,1.8844,-10.441,-22.627,-33.872,-41.829,-33.872,-22.627,-10.441,1.8844,13.619,23.76,30.1,30.1
29.891,29.891,23.49,13.302,1.5419,-10.789,-22.964,-34.185,-42.112,-34.185,-22.964,-10.789,1.5419,13.302,23.49,29.891,29.891
29.68,29.68,23.217,12.983,1.1989,-11.137,-23.3,-34.498,-42.396,-34.498,-23.3,-11.137,1.1989,12.983,23.217,29.68,29.68
29.465,29.465,22.943,12.664,0.85553,-11.485,-23.636,-34.81,-42.678,-34.81,-23.636,-11.485,0.85553,12.664,22.943,29.465,29.465
29.247,29.247,22.667,12.343,0.5118,-11.833,-23.971,-35.121,-42.961,-35.121,-23.971,-11.833,0.5118,12.343,22.667,29.247,29.247
29.026,29.026,22.389,12.022,0.16769,-12.18,-24.305,-35.432,-43.243,-35.432,-24.305,-12.18,0.16769,12.022,22.389,29.026,29.026
28.803,28.803,22.11,11.699,-0.17676,-12.527,-24.639,-35.742,-43.525,-35.742,-24.639,-12.527,-0.17676,11.699,22.11,28.803,28.803
28.576,28.576,21.829,11.376,-0.52156,-12.874,-24.973,-36.052,-43.807,-36.052,-24.973,-12.874,-0.52156,11.376,21.829,28.576,28.576
28.347,28.347,21.546,11.052,-0.86667,-13.221,-25.306,-36.361,-44.089,-36.361,-25.306,-13.221,-0.86667,11.052,21.546,28.347,28.347
28.115,28.115,21.262,10.727,-1.2121,-13.568,-25.638,-36.67,-44.371,-36.67,-25.638,-13.568,-1.2121,10.727,21.262,28.115,28.115
27.88,27.88,20.976,10.401,-1.5578,-13.915,-25.97,-36.979,-44.652,-36.979,-25.97,-13.915,-1.5578,10.401,20.976,27.88,27.88
27.643,27.643,20.688,10.074,-1.9038,-14.261,-26.301,-37.287,-44.934,-37.287,-26.301,-14.261,-1.9038,10.074,20.688,27.643,27.643
27.404,27.404,20.399,9.7464,-2.25,-14.607,-26.632,-37.594,-45.216,-37.594,-26.632,-14.607,-2.25,9.7464,20.399,27.404,27.404
27.161,27.161,20.108,9.418,-2.5965,-14.953,-26.962,-37.901,-45.497,-37.901,-26.962,-14.953,-2.5965,9.418,20.108,27.161,27.161
26.917,26.917,19.816,9.0887,-2.9432,-15.299,-27.292,-38.208,-45.779,-38.208,-27.292,-15.299,-2.9432,9.0887,19.816,26.917,26.917
26.67,26.67,19.522,8.7587,-3.2901,-15.644,-27.621,-38.515,-46.061,-38.515,-27.621,-15.644,-3.2901,8.7587,19.522,26.67,26.67
26.421,26.421,19.227,8.4279,-3.6372,-15.989,-27.95,-38.821,-46.343,-38.821,-27.95,-15.989,-3.6372,8.4279,19.227,26.421,26.421
26.169,26.169,18.931,8.0963,-3.9845,-16.334,-28.278,-39.127,-46.625,-39.127,-28.278,-16.334,-3.9845,8.0963,18.931,26.169,26.169
25.916,25.916,18.633,7.7641,-4.332,-16.679,-28.605,-39.433,-46.907,-39.433,-28.605,-16.679,-4.332,7.7641,18.633,25.916,25.916
25.66,25.66,18.334,7.4311,-4.6797,-17.023,-28.932,-39.738,-47.19,-39.738,-28.932,-17.023,-4.6797,7.4311,18.334,25.66,25.66
25.402,25.402,18.033,7.0974,-5.0274,-17.367,-29.258,-40.043,-47.473,-40.043,-29.258,-17.367,-5.0274,7.0974,18.033,25.402,25.402
25.142,25.142,17.731,6.763,-5.3753,-17.71,-29.584,-40.348,-47.756,-40.348,-29.584,-17.71,-5.3753,6.763,17.731,25.142,25.142
24.88,24.88,17.428,6.428,-5.7233,-18.053,-29.909,-40.653,-48.039,-40.653,-29.909,-18.053,-5.7233,6.428,17.428,24.88,24.88
24.616,24.616,17.123,6.0923,-6.0715,-18.396,-30.234,-40.958,-48.323,-40.958,-30.234,-18.396,-6.0715,6.0923,17.123,24.616,24.616
24.35,24.35,16.818,5.756,-6.4196,-18.739,-30.558,-41.262,-48.608,-41.262,-30.558,-18.739,-6.4196,5.756,16.818,24.35,24.35
24.083,24.083,16.511,5.4191,-6.7679,-19.081,-30.882,-41.567,-48.893,-41.567,-30.882,-19.081,-6.7679,5.4191,16.511,24.083,24.083
23.813,23.813,16.202,5.0816,-7.1162,-19.423,-31.205,-41.872,-49.178,-41.872,-31.205,-19.423,-7.1162,5.0816,16.202,23.813,23.813
23.541,23.541,15.893,4.7435,-7.4646,-19.764,-31.528,-42.176,-49.464,-42.176,-31.528,-19.764,-7.4646,4.7435,15.893,23.541,23.541
23.268,23.268,15.583,4.4048,-7.813,-20.105,-31.85,-42.481,-49.751,-42.481,-31.85,-20.105,-7.813,4.4048,15.583,23.268,23.268
22.993,22.993,15.271,4.0656,-8.1613,-20.445,-32.171,-42.786,-50.038,-42.786,-32.171,-20.445,-8.1613,4.0656,15.271,22.993,22.993
22.716,22.716,14.958,3.7259,-8.5097,-20.785,-32.493,-43.091,-50.326,-43.091,-32.493,-20.785,-8.5097,3.7259,14.958,22.716,22.716
22.437,22.437,14.644,3.3856,-8.8581,-21.125,-32.813,-43.396,-50.614,-43.396,-32.813,-21.125,-8.8581,3.3856,14.644,22.437,22.437
22.157,22.157,14.329,3.0449,-9.2065,-21.464,-33.133,-43.701,-50.904,-43.701,-33.133,-21.464,-9.2065,3.0449,14.329,22.157,22.157
21.875,21.875,14.013,2.7037,-9.5548,-21.803,-33.453,-44.007,-51.194,-44.007,-33.453,-21.803,-9.5548,2.7037,14.013,21.875,21.875
21.591,21.591,13.696,2.3619,-9.903,-22.142,-33.772,-44.313,-51.485,-44.313,-33.772,-22.142,-9.903,2.3619,13.696,21.591,21.591
21.306,21.306,13.377,2.0198,-10.251,-22.48,-34.091,-44.619,-51.777,-44.619,-34.091,-22.48,-10.251,2.0198,13.377,21.306,21.306
21.019,21.019,13.058,1.6772,-10.599,-22.817,-34.409,-44.926,-52.07,-44.926,-34.409,-22.817,-10.599,1.6772,13.058,21.019,21.019
20.73,20.73,12.738,1.3342,-10.947,-23.154,-34.727,-45.233,-52.364,-45.233,-34.727,-23.154,-10.947,1.3342,12.738,20.73,20.73
20.441,20.441,12.417,0.99074,-11.295,-23.49,-35.045,-45.54,-52.659,-45.54,-35.045,-23.49,-11.295,0.99074,12.417,20.441,20.441
20.149,20.149,12.094,0.64692,-11.643,-23.827,-35.362,-45.849,-52.955,-45.849,-35.362,-23.827,-11.643,0.64692,12.094,20.149,20.149
19.856,19.856,11.771,0.30273,-11.991,-24.162,-35.679,-46.158,-53.252,-46.158,-35.679,-24.162,-11.991,0.30273,11.771,19.856,19.856
19.562,19.562,11.447,-0.041818,-12.338,-24.497,-35.995,-46.467,-53.55,-46.467,-35.995,-24.497,-12.338,-0.041818,11.447,19.562,19.562
19.266,19.266,11.122,-0.38671,-12.686,-24.832,-36.312,-46.777,-53.849,-46.777,-36.312,-24.832,-12.686,-0.38671,11.122,19.266,19.266
18.969,18.969,10.796,-0.73194,-13.033,-25.166,-36.627,-47.088,-54.15,-47.088,-36.627,-25.166,-13.033,-0.73194,10.796,18.969,18.969
18.67,18.67,10.47,-1.0775,-13.38,-25.499,-36.943,-47.4,-54.451,-47.4,-36.943,-25.499,-13.38,-1.0775,10.47,18.67,18.67
18.37,18.37,10.142,-1.4233,-13.727,-25.832,-37.259,-47.713,-54.754,-47.713,-37.259,-25.832,-13.727,-1.4233,10.142,18.37,18.37
18.069,18.069,9.8135,-1.7694,-14.073,-26.165,-37.574,-48.026,-55.058,-48.026,-37.574,-26.165,-14.073,-1.7694,9.8135,18.069,18.069
17.766,17.766,9.4842,-2.1158,-14.419,-26.497,-37.889,-48.341,-55.364,-48.341,-37.889,-26.497,-14.419,-2.1158,9.4842,17.766,17.766
17.462,17.462,9.1541,-2.4625,-14.766,-26.829,-38.204,-48.656,-55.67,-48.656,-38.204,-26.829,-14.766,-2.4625,9.1541,17.462,17.462
17.157,17.157,8.8232,-2.8093,-15.112,-27.16,-38.518,-48.973,-55.978,-48.973,-38.518,-27.16,-15.112,-2.8093,8.8232,17.157,17.157
16.85,16.85,8.4915,-3.1564,-15.457,-27.49,-38.833,-49.291,-56.288,-49.291,-38.833,-27.49,-15.457,-3.1564,8.4915,16.85,16.85
16.542,16.542,8.1591,-3.5038,-15.803,-27.82,-39.147,-49.61,-56.598,-49.61,-39.147,-27.82,-15.803,-3.5038,8.1591,16.542,16.542
16.233,16.233,7.8259,-3.8513,-16.148,-28.15,-39.462,-49.93,-56.91,-49.93,-39.462,-28.15,-16.148,-3.8513,7.8259,16.233,16.233
15.923,15.923,7.492,-4.199,-16.492,-28.479,-39.776,-50.252,-57.224,-50.252,-39.776,-28.479,-16.492,-4.199,7.492,15.923,15.923
15.611,15.611,7.1574,-4.5468,-16.837,-28.807,-40.091,-50.575,-57.538,-50.575,-40.091,-28.807,-16.837,-4.5468,7.1574,15.611,15.611
15.299,15.299,6.8221,-4.8948,-17.181,-29.135,-40.406,-50.899,-57.855,-50.899,-40.406,-29.135,-17.181,-4.8948,6.8221,15.299,15.299
14.985,14.985,6.4862,-5.2429,-17.525,-29.463,-40.72,-51.225,-58.172,-51.225,-40.72,-29.463,-17.525,-5.2429,6.4862,14.985,14.985
14.67,14.67,6.1495,-5.5912,-17.869,-29.79,-41.035,-51.552,-58.491,-51.552,-41.035,-29.79,-17.869,-5.5912,6.1495,14.67,14.67
14.354,14.354,5.8123,-5.9396,-18.212,-30.116,-41.35,-51.881,-58.811,-51.881,-41.35,-30.116,-18.212,-5.9396,5.8123,14.354,14.354
14.037,14.037,5.4744,-6.288,-18.555,-30.442,-41.666,-52.212,-59.132,-52.212,-41.666,-30.442,-18.555,-6.288,5.4744,14.037,14.037
13.719,13.719,5.1359,-6.6366,-18.897,-30.768,-41.982,-52.544,-59.455,-52.544,-41.982,-30.768,-18.897,-6.6366,5.1359,13.719,13.719
13.4,13.4,4.7968,-6.9852,-19.24,-31.093,-42.298,-52.878,-59.779,-52.878,-42.298,-31.093,-19.24,-6.9852,4.7968,13.4,13.4
13.079,13.079,4.4571,-7.3338,-19.581,-31.417,-42.614,-53.213,-60.104,-53.213,-42.614,-31.417,-19.581,-7.3338,4.4571,13.079,13.079
12.758,12.758,4.1168,-7.6825,-19.923,-31.742,-42.931,-53.551,-60.431,-53.551,-42.931,-31.742,-19.923,-7.6825,4.1168,12.758,12.758
12.436,12.436,3.776,-8.0312,-20.264,-32.065,-43.248,-53.89,-60.759,-53.89,-43.248,-32.065,-20.264,-8.0312,3.776,12.436,12.436
12.112,12.112,3.4347,-8.3799,-20.604,-32.389,-43.566,-54.231,-61.087,-54.231,-43.566,-32.389,-20.604,-8.3799,3.4347,12.112,12.112
11.788,11.788,3.0928,-8.7287,-20.945,-32.712,-43.884,-54.574,-61.417,-54.574,-43.884,-32.712,-20.945,-8.7287,3.0928,11.788,11.788
11.463,11.463,2.7505,-9.0774,-21.284,-33.034,-44.203,-54.919,-61.748,-54.919,-44.203,-33.034,-21.284,-9.0774,2.7505,11.463,11.463
11.137,11.137,2.4077,-9.426,-21.624,-33.356,-44.523,-55.266,-62.079,-55.266,-44.523,-33.356,-21.624,-9.426,2.4077,11.137,11.137
10.809,10.809,2.0644,-9.7747,-21.963,-33.678,-44.843,-55.615,-62.412,-55.615,-44.843,-33.678,-21.963,-9.7747,2.0644,10.809,10.809
10.481,10.481,1.7206,-10.123,-22.301,-33.999,-45.165,-55.966,-62.745,-55.966,-45.165,-33.999,-22.301,-10.123,1.7206,10.481,10.481
10.152,10.152,1.3764,-10.472,-22.639,-34.32,-45.487,-56.318,-63.079,-56.318,-45.487,-34.32,-22.639,-10.472,1.3764,10.152,10.152
9.8226,9.8226,1.0318,-10.82,-22.977,-34.641,-45.81,-56.673,-63.414,-56.673,-45.81,-34.641,-22.977,-10.82,1.0318,9.8226,9.8226
9.492,9.492,0.68679,-11.168,-23.314,-34.961,-46.134,-57.03,-63.749,-57.03,-46.134,-34.961,-23.314,-11.168,0.68679,9.492,9.492
9.1605,9.1605,0.34138,-11.517,-23.651,-35.281,-46.459,-57.389,-64.084,-57.389,-46.459,-35.281,-23.651,-11.517,0.34138,9.1605,9.1605
8.8281,8.8281,-0.0044086,-11.865,-23.987,-35.601,-46.785,-57.75,-64.42,-57.75,-46.785,-35.601,-23.987,-11.865,-0.0044086,8.8281,8.8281
8.495,8.495,-0.35056,-12.213,-24.323,-35.92,-47.112,-58.112,-64.756,-58.112,-47.112,-35.92,-24.323,-12.213,-0.35056,8.495,8.495
8.1611,8.1611,-0.69705,-12.56,-24.658,-36.24,-47.44,-58.477,-65.092,-58.477,-47.44,-36.24,-24.658,-12.56,-0.69705,8.1611,8.1611
7.8264,7.8264,-1.0439,-12.908,-24.993,-36.559,-47.77,-58.843,-65.427,-58.843,-47.77,-36.559,-24.993,-12.908,-1.0439,7.8264,7.8264
7.4909,7.4909,-1.391,-13.256,-25.327,-36.878,-48.101,-59.211,-65.763,-59.211,-48.101,-36.878,-25.327,-13.256,-1.391,7.4909,7.4909
7.1547,7.1547,-1.7385,-13.603,-25.661,-37.196,-48.434,-59.581,-66.098,-59.581,-48.434,-37.196,-25.661,-13.603,-1.7385,7.1547,7.1547
6.8178,6.8178,-2.0862,-13.95,-25.994,-37.515,-48.767,-59.953,-66.433,-59.953,-48.767,-37.515,-25.994,-13.95,-2.0862,6.8178,6.8178
6.4802,6.4802,-2.4342,-14.297,-26.327,-37.834,-49.103,-60.327,-66.767,-60.327,-49.103,-37.834,-26.327,-14.297,-2.4342,6.4802,6.4802
6.1418,6.1418,-2.7824,-14.644,-26.659,-38.152,-49.44,-60.702,-67.1,-60.702,-49.44,-38.152,-26.659,-14.644,-2.7824,6.1418,6.1418
5.8028,5.8028,-3.1309,-14.99,-26.991,-38.471,-49.778,-61.078,-67.433,-61.078,-49.778,-38.471,-26.991,-14.99,-3.1309,5.8028,5.8028
5.4631,5.4631,-3.4796,-15.336,-27.322,-38.789,-50.118,-61.456,-67.764,-61.456,-50.118,-38.789,-27.322,-15.336,-3.4796,5.4631,5.4631
5.1228,5.1228,-3.8286,-15.682,-27.653,-39.108,-50.46,-61.835,-68.094,-61.835,-50.46,-39.108,-27.653,-15.682,-3.8286,5.1228,5.1228
4.7819,4.7819,-4.1777,-16.028,-27.984,-39.427,-50.804,-62.215,-68.422,-62.215,-50.804,-39.427,-27.984,-16.028,-4.1777,4.7819,4.7819
4.4403,4.4403,-4.527,-16.373,-28.314,-39.746,-51.15,-62.596,-68.749,-62.596,-51.15,-39.746,-28.314,-16.373,-4.527,4.4403,4.4403
4.0981,4.0981,-4.8765,-16.718,-28.643,-40.065,-51.497,-62.978,-69.074,-62.978,-51.497,-40.065,-28.643,-16.718,-4.8765,4.0981,4.0981
3.7554,3.7554,-5.2261,-17.063,-28.972,-40.384,-51.846,-63.36,-69.397,-63.36,-51.846,-40.384,-28.972,-17.063,-5.2261,3.7554,3.7554
3.412,3.412,-5.5759,-17.408,-29.301,-40.703,-52.198,-63.743,-69.718,-63.743,-52.198,-40.703,-29.301,-17.408,-5.5759,3.412,3.412
